"ID";"Codice";"Prodotto";"Data_prod";"Mix";"X";"Stabilimento";"X";"X";"Danno";"Data_Fatt";"Fattura";"Data_rec";"Cod_cliente";"Stamp";"Data_stamp";"X";"X";"Provincia";"Regione";"Posa";"Area";"X";"X";"Linea_Gronda";"X";"X";"Altitudine";"X";"X";"Coordinate";"X";"X";"X";"X";"X"
"PM14";"RZ01W";"TESI ROSSA";"2013-11-26";"N 35";"1041.0";"ILCA";"0";"0";"0";"0";"0";"0";"0.0";"0";"0";"0";"0";"0";"0";"0";"0.0";"0.0";"0";"0";"0";"0";"0";"0.0";"0.0";"0";"0";"0";"0";"0";"Miscele superate considerate buone da Mario"
"PM15";"SZ01W";"TESI WINTER SERENISSIMA";"2016-10-17";"IM 4/B6";"";"ILCA";"SI";"Sì";"Sfaldatura";"0";"0";"2021-06-23 00:00:00";"0.0";"00:00:00";"00:00:00";"2017-06-30 00:00:00";"2016-10-18 00:00:00";"TV";"VENETO";"Guaina";"270.0";"10.0";"243";"0";"0";"0";"117";"40.0";"14.2";"45.60838349289041, 11.581903376518817";"Cantiere Monticello Conte Otto via Parmesana  6, costruttore imp. HM52 arch. Fabbris ";"Ferronato srl Via Vollone 1 S. Zenone d'Ezzellini (TV) 0 Sig Dalla Riva Casarotto";"0";"0";"T da stazione meteo Treviso Sant'Angelo"
"PM17";"SZ01W";"TESI SERENISSIMA WINTER 2018";"2018-09-24";"IM 4/B6";"";"ILCA";"SI";"Sì";"Sfaldatura";"0";"0";"2022-02-08 00:00:00";"0.0";"0";"2018-09-24 00:00:00";"0";"0";"BL";"VENETO";"Doppio listello incrociato";"300.0";"100.0";"300";"Aperta";"Aperto";"0";"329";"16.7";"7.6";"46.0049918593186, 12.03111508125752";"Imp. De Gol Alberto cantier via San Gregorio Santa Giustina (BL) 0 3483414737";"REPRO srl Via A. Zucco 46 Fonzaso (BL)";"2022-02-14 00:00:00";"G Bastianon, M Cunial ";"T° 201402020 https://www.climieviaggi.it/clima/italia/belluno "
"PM32";"SM01W";"MA.XI.MA SERENISSIMA ";"2011-06-01";"M 2";"";"ILCA";"SI";"Sì";"Sfaldatura, rottura, aloni umidità (?)";"2014-05-20 00:00:00";"VI 19259";"2022-04-01 00:00:00";"0.0";"0";"2011-06-01 00:00:00";"0";"0";"TN";"TRENTINO0ALTO ADIGE ";"Legno";"320.0";"25.0";"80";"Aperta";"Aperto";"Sud ";"575";"13.4";"7.9";"46.04633285660318, 10.754588447430212";"Tre Ville (TN) frazione Preore";"STELDO srl rif sig. Gildo Parolari ";"0";"M Cunial RAC";"Miscele superate con problemi"
"M064010";"SW01";"TEGOLE TE.MA.X SERENISSIMA";"2007-01-01";"0";"";"ILCA ";"NO";"Sì";"Sfaldatura ";"2008-03-20 00:00:00";"802403";"2010-05-12 00:00:00";"9201.0";"0";"0";"0";"0";"BG";"LOMBARDIA";"0";"0.0";"0.0";"0";"Aperta ";"0";"0";"386";"16.6";"7.6";"45.68324241173273, 9.697413411922215";"cantiere Albino Via Lunga 30";"Gualdi Achille s.r.r, via C. Battisti 183 Gazzaniga (BG)";"Pajola";"Fattorini";"La tegola presenta delle sfaldature sull'estradosso, e lungo il suo profilo"
"P102013";"RU01G";"UNICOPPO ROSSO EXTRA 12 MQ.";"2007-08-12";"0";"";"ILCA";"NO";"Sì";"Sfaldatura ";"2008-01-14 00:00:00";"800270";"2013-05-15 00:00:00";"0.0";"0";"2007-08-12 00:00:00";"0";"0";"VE";"VENETO";"Legno + Guaina";"500.0";"0.0";"0";"Aperta ";"Aperto";"0";"6";"17.6";"9.25";"45.5210527652882, 12.201952267731414";"Costruzioni edili Panamello Via Elicola, Zelarino ";"Bpiù srl";"0";"Diviso";"Sfaldatura bordo Unicoppo sul bordo laterale "
"P103 0 13";"CZ01";"TEGOLE TE.SI CHIARE";"2010-04-17";"0";"";"ILCA";"NO";"Sì";"Sfaldatura ";"0";"0";"2013-05-15 00:00:00";"0.0";"0";"0";"0";"0";"VE";"VENETO";"0";"0.0";"0.0";"0";"0";"0";"0";"1";"0.0";"0.0";"0";"Venezia";"0";"0";"0";"0"
"P139013";"SW01";"TEGOLE TE.MA.X SERENISSIMA";"2007-01-01";"0";"";"ILCA ";"NO";"Sì";"Sfaldatura ";"2008-03-20 00:00:00";"802403";"2013-06-24 00:00:00";"9201.0";"0";"0";"0";"0";"BG";"LOMBARDIA ";"0";"0.0";"0.0";"0";"0";"0";"0";"386";"16.6";"7.6";"45.68324241173273, 9.697413411922215";"Impresa costruzione Ghidelli srl 0 cantiere Albino Via Lunga 30";"Gualdi Achille Via Battisti 183 Gazzaniga (BG)";"Vergani";"Fattorini";"La tegola presenta delle sfaldature sull'estradosso e lungo il suo profilo come da verifica eseguita in cantiere"
"P154013";"FZ01";"TEGOLE TESI 12 FRANCIA";"2011-03-21";"0";"";"ILCA ";"FORSE ";"Sì";"Sfaldatura ";"2011-04-09 00:00:00";"VI2377";"2013-07-22 00:00:00";"0.0";"R 210311";"0";"0";"0";"TV";"VENETO";"0";"400.0";"100.0";"400";"0";"0";"0";"16";"14.4";"8.9";"45.63137473315256, 12.191062082835469";"Via Strada comunale San Vitale 1 Canizzano (TV) Mattiello Paolo 0422/378202";"Bortoletto";"0";"De Zen Cunial ";"Sfaldature lato nord 0 VEDERE FOTO ALLEGATE (NON CI SONO) 0 CAMPIONI IN UFFICIO QUALITà "
"Q194014";"FZ01";"TEGOLE TESI 12 FRANCIA";"2011-03-20";"0";"";"ILCA ";"Sì";"Sì";"Sfaldatura ";"2011-05-02 00:00:00";"1746";"2014-09-11 00:00:00";"0.0";"0";"2011-03-20 00:00:00";"0";"0";"PN ";"FRIULI VENEZIA GIULIA ";"0";"480.0";"0.0";"0";"0";"0";"0";"14";"0.0";"0.0";"45.89420189057566, 12.674118072922996";"Impresa edilizia Fedrigo Via Chiavornere di Sotto Tiezzo loc Azzano (PN)";"Pizzinato ";"0";"0";"5800 pezzi in 480 mq. Soluzione accordata: tener controllata la copertura con controllo primavera 2015"
"R024015";"EZ01";"TEGOLA TE.SI ESTENSE";"2004-12-09";"0";"";"ILCA ";"Sì";"Sì";"Sfaldatura ";"2005-09-09 00:00:00";"VI 508117";"2015-03-04 00:00:00";"0.0";"0";"2004-12-09 00:00:00";"0";"0";"TN";"TRENTINO 0 ALTO ADIGE";"Legno + Guaina su doppia listellatura ";"320.0";"0.0";"0";"Aperta ";"Aperto";"Nord Sud Nord/Ovest + Est";"504";"0.0";"0.0";"45.99131946019562, 10.97205713876349";"Impr. Risatti Marco 3491906143 sig. Bazzoli cinzia e Ruaben Massimiliano 3484404042 Via IV novembre 33 Cavedine (TN)";"Mag. Carini . 0464/532863 Via della Crosetta 59 Arco (TN)";"0";"0";"Sfaldature bordi + distacco colore sfaldature "
"R045015";"TU01G";"UNICOPPO D'AUTORE ROSSO EXTRA 12 MQ.";"2013-01-01";"0";"";"ILCA ";"NO";"Sì";"Sfaldatura ";"2013-10-10 00:00:00";"FT 14552";"2015-04-02 00:00:00";"0.0";"0";"0";"0";"0";"TO";"PIEMONTE";"0";"300.0";"6.4";"19.2";"Aperta ";"Aperto";"0";"255";"0.0";"0.0";"45.47128039307253, 7.943935967214418";"Bollengo Via Alfieri";"ED. Moderna ";"0";"0";"Sofliati da gelo"
"R085015";"DM01G";"TEG. MA.XI.MA. D.S.A. ROSSA";"2011-01-01";"0";"";"ILCA";"NO";"Sì";"Sfaldatura";"0";"0";"2015-06-15 00:00:00";"10847.0";"0";"0";"0";"0";"IM";"LIGURIA ";"0";"0.0";"0.0";"0";"0";"0";"0";"39";"0.0";"0.0";"43.8609946435442, 7.956580940482017";"Magazzino edile ";"Giordano e Pisani srl";"0";"0";"Le tegole non hanno resistito al gelo e si sono presentate rotture "
"R098015";"DM01G";"TEG. MA.XI.MA. D.S.A. ROSSA";"2011-01-01";"0";"";"ILCA ";"Sì";"Sì";"Sfaldatura";"2011-08-31 00:00:00";"VI6169";"2015-07-20 00:00:00";"10847.0";"0";"0";"0";"0";"IM";"LIGURIA ";"Legno";"0.0";"0.0";"0";"Aperta";"Aperto";"Nord + Sud ";"39";"0.0";"0.0";"43.86376910792707, 7.852617023290771";"Colonia di Triora loc MolniImpresa De Franco  e De Luca Pzza Reghezza 8 Taggia (IM)";"Giordano e Pisani srl";"Vergani";"Ferrari";"Tegole sfogliate + campioni in ufficio qualità "
"R150015";"DM01G";"TEG. MA.XI.MA. D.S.A. ROSSA";"2011-01-01";"0";"";"ILCA ";"NO";"Sì";"Sfaldatura";"0";"0";"2015-12-10 00:00:00";"10847.0";"0";"0";"0";"0";"IM";"LIGURIA ";"0";"920.0";"48.9";"450";"Aperta ";"Aperto";"Nord + Sud ";"39";"0.0";"0.0";"43.86376910792707, 7.852617023290771";"Colonia di Triora loc MolniImpresa De Franco  e De Luca Pzza Reghezza 8 Taggia (IM)";"Giordano e Pisani srl";"Vergani";"Ferrari";"Doc fotografica uguale a R098015 "
"S101016";"DU01G";"UNICOPPO EXTRA DOPPIA STELLA ALPINA";"2011-01-01";"0";"";"ILCA ";"Sì";"Sì";"Sfaldatura";"2011-06-29 00:00:00";"IL 022727";"2016-07-11 00:00:00";"0.0";"0";"0";"0";"0";"BL ";"VENETO";"Listello 3x4 + constrolistello";"0.0";"0.0";"0";"Aperta ";"Aperto";"0";"325";"0.0";"0.0";"46.06519292063421, 11.922094852261345";"loc. Grum Via Castel di Lusa Barp Franco";"Edil feltre srl Via Martiri della Libertà 1 Feltre (BL)";"0";"0";"Unicoppo Extra DSA che si sfogliano nella falda Nord (soprattutto nelle costine sottostanti la tegola) nonostante la garanzia di 30 anni"
"S147016";"SZ01";"TEGOLA TE.SI SERENISSIMA";"2010-10-21";"0";"";"ILCA ";"NO";"Sì";"Sfaldatura";"2011-02-04 00:00:00";"IL 0398";"2016-09-07 00:00:00";"4409.0";"S201";"2010-10-22 00:00:00";"0";"0";"TV";"VENETO";"Legno";"240.0";"16.6";"40";"Aperta ";"Aperto";"Nord ";"248";"0.0";"0.0";"45.85291021518465, 11.893587838754826";"Cavaso del Tomba (TV) ";"Edile Pedemontana";"0";"0";"La tegola presenta diverse sfaldature da gelo"
"T023017";"PU01GW";"UNICOPPO EXTRA WINTER ANT. POSSAGNO";"2008-01-01";"0";"";"ILCA";"Sì";"Sì";"Sfaldatura";"0";"0";"2017-02-28 00:00:00";"4409.0";"0";"0";"0";"0";"BL ";"VENETO";"Doppia listellatura incrociata";"210.0";"0.0";"0";"Aperta ";"0";"Nord Est";"395";"0.0";"0.0";"46.13017114228071, 12.346682481101018";"Farra d'Alpago Via G. Matteotti 68/D c/o sigg.ti Tollot ";"Edildazzi srl Viale  Alpago 56 Puos d'Alpago (BL)";"0";"Bastianon Gianluca";"Un centinaio di tegole iniziano a sfogliarsi + almeno 12 Fermaneve Unicoppo tutte a Nord Est"
"T053017";"SM01W";"TEG. MA.XI.MA. SERENISS.WINTER 168";"2015-01-01";"0";"";"ILCA";"Sì";"Sì";"Sfaldatura";"2015-10-30 00:00:00";"VI 30785";"2017-07-05 00:00:00";"325.0";"0";"0";"0";"0";"CO ";"LOMBARDIA ";"0";"236.4";"46.1";"109";"Aperta ";"Aperto";"Nord ";"481";"0.0";"0.0";"46.043310547272924, 9.156998123424403";"Naggio/Grandola e Uniti ";"Pirovano Giovanni Carlazzo (CO) ";"0";"0";"campione in possesso di Possagno + rottura angolo in abasso a dx "
"T065017";"SL01G";"UNICOPPO EXTRA SELEZIONE";"2011-01-01";"0";"";"ILCA ";"Sì";"Sì";"Sfaldatura ";"0";"0";"2017-07-13 00:00:00";"4588.0";"EU01GH";"2011";"0";"0";"VI";"VENETO";"0";"0.0";"0.0";"0";"Aperta";"0";"Nord + Sud ";"55";"0.0";"0.0";"45.62809693025537, 11.439642125247685";"Sig. Franzati Paolo Via Zanettin Isola Vicentina ";"Tesve_Malo (VI)";"0";"0";"Evidenti distacchi ai bordi della tegola "
"T109017";"SW01F";"TEGOLE TE.MA.X SERENISSIMA";"2014-01-01";"0";"";"ILCA";"Sì";"Sì";"Sfaldatura ";"2015-02-17 00:00:00";"VC 2776";"2017-02-17 00:00:00";"0.0";"0";"0";"0";"0";"JABLONNA (Lublino)";"POLONIA ";"0";"16.4";"100.0";"16.4";"0";"0";"0";"167";"0.0";"0.0";"52.37825175950517, 20.917786534795333";"Jablonna Poland ";"Grupa Dekarska Top0Dach s.c.";"0";"0";"0"
"T113017";"DZ01";"TEGOLA TE.SI D.S.A.";"2006-01-01";"0";"";"ILCA";"Sì";"Sì";"Sfaldatura";"2006-11-30 00:00:00";"611407";"2017-11-21 00:00:00";"150.0";"D201";"0";"0";"0";"BL ";"VENETO";"0";"0.0";"0.0";"0";"0";"0";"0";"395";"0.0";"0.0";"46.120337581914605, 12.357204398579855";"sig. Stefano Peterle Farra d'Alpago (BL) Va ";"De Mas Annibale & c. sas";"0";"0";"Copertura areata ma non ha buon scambio d'aria (vedi tipologia di colmo) con il colmo con rete 00> aria umida ristagna sotto il tetto"
"U062018";"SZ20GR";"COLMI MAX SERENISSIMA";"2014-01-01";"0";"";"ILCA";"Sì";"Sì";"Sfaldatura ";"2014-11-05 00:00:00";"VC 2571";"2018-06-07 00:00:00";"18022.0";"0";"0";"0";"0";"0";"SLOVACCHIA ";"0";"0.0";"0.0";"0";"0";"0";"0";"0";"0.0";"0.0";"48.4545, 18.8907";"Repubblica Slovacca ";"Lanvel sro";"0";"0";"Materiale danneggiato da neve e ghiaccio"
"U086018";"PU01G";"UNICOPPO ANTICA POSSAGNO EXTRA 12 MQ";"2011-05-29";"0";"";"ILCA";"Sì";"Sì";"Sfaldatura";"2011-08-10 00:00:00";"5845";"2018-10-17 00:00:00";"1119.0";"R290511";"0";"0";"0";"0";"0";"Legno";"250.0";"15.6";"39";"Aperta ";"Aperto";"Sud + Nord";"425";"0.0";"0.0";"45.831839483119765, 9.590827398273799";"Case Sopra Sn Val Brembilla (BG)";"CEF Almenno ss ";"0";"0";"Scagliature nella parte inferiore della tegola e in alcuni punti della falda nord. Presenti fessurazioni passanti nella parte centrale come da campione e detriti raccolti nel canale di gronda repertati "
"U120018";"IM01G";"MA.XI.MA.  VECCHIA FORNACE";"2007-08-30";"0";"";"ILCA ";"Sì";"Sì";"Sfaldatura";"2008-05-01 00:00:00";"IL 0801997";"2018-06-20 00:00:00";"0.0";"IM016";"2008-03-01 00:00:00";"0";"0";"TN";"TRENTINO 0 ALTO ADIGE";"Guaina ventilato ";"0.0";"0.0";"0";"Aperta ";"Aperto";"Nord";"723";"0.0";"0.0";"46.13194558675942, 10.759213169456936";"Imp. Mosca Adriano  cantiere Mosca Andrea Caderzone (TN)";"Steldo srl";"0";"0";"0"
"U136018";"SZ01W";"TESI SERENISSIMA WINTER";"2011-01-01";"0";"";"ILCA ";"Sì";"Sì";"Sfaldatura";"2011-04-09 00:00:00";"2231";"2018-12-17 00:00:00";"0.0";"0";"0";"0";"0";"TN";"TRENTINO 0 ALTO ADIGE";"Legno";"216.7";"70.0";"151.6";"Aperta";"Aperto";"0";"1000";"0.0";"0.0";"46.287758, 11.462023";"Impresa Claudio Vanza 198 7037913 Cavalese (TN)";"Tophaus sedi di Bolzano";"0";"0";"0"
"U138018";"SW01";"TEGOLE TE.MA.X SERENISSIMA";"2014-05-15";"Q 21";"";"ILCA ";"Sì";"Sì";"Sfaldatura";"0";"0";"2018-11-27 00:00:00";"9201.0";"R 150514";"0";"0";"0";"BG";"LOMBARDIA ";"Legno";"0.0";"0.0";"0";"0";"0";"0";"453";"0.0";"0.0";"45.7874, 9.9299";"Leffe (BG) Via S. Rocco Impresa Colombi ";"Gualdi ";"0";"0";"Sfaldatura tegola parte superiore"
"V030019";"RZ01W";"TESI ROSSE WINTER";"2010-07-20";"0";"1041.0";"ILCA";"Sì";"Sì";"Sfaldatura";"0";"0";"2019-05-09 00:00:00";"13506.0";"0";"0";"0";"0";"TN";"TRENTINO 0 ALTO ADIGE";"0";"0.0";"0.0";"0";"0";"0";"0";"248";"0.0";"0.0";"46.2479, 11.0675";"Daino (TN)";"Tophaus";"0";"0";"0"
"V078019";"PU01";"UNICOPPO ANTICA POSSAGNO";"2006-01-01";"0";"";"ILCA ";"Sì";"Sì";"Sfaldatura ";"2006-11-10 00:00:00";"610661";"2019-12-09 00:00:00";"0.0";"0";"0";"0";"0";"BL ";"VENETO";"0";"300.0";"100.0";"300";"Aperta";"Aperto";"Est";"325";"0.0";"0.0";"46.0129,  11.8862";"Via martiri della libertà 1 Feltre ";"Edilfeltre";"0";"0";"Sfaldati soprattutto parte sotto 0 vicolo (?) centro storico coppo anticato"
"W031020";"SZ01";"TEGOLA TE.SI SERENISSIMA";"2010-05-06";"0";"";"ILCA ";"Sì";"Sì";"Sfaldatura";"2010-05-15 00:00:00";"VC 245";"2020-03-09 00:00:00";"11950.0";"R0605 10 ";"0";"0";"0";"0";"POLONIA ";"0";"0.0";"0.0";"0";"0";"0";"0";"205";"0.0";"0.0";"50.0171, 22.6789";"0";"Dariuz Jan Szkola Jaroslaw Polonia ";"0";"0";"dal 2010 11 tegole tesi serenissima danneggiate "
"W124020";"SM01W";"TEG. MA.XI.MA. SERENISS.WINTER 168";"2018-05-04";"Q 21";"";"ILCA";"Sì";"Sì";"Sfaldatura ";"2020-07-20 00:00:00";"VI 60044";"2020-12-03 00:00:00";"2216.0";"R 040518";"0";"0";"0";"MS";"TOSCANA";"Legno";"227.3";"0.0";"0";"Aperta";"Aperto";"Nord + Sud ";"530";"0.0";"0.0";"44.1767, 10.0204";"Comano (MS)";"Lumachelli Pontremoli (MS)";"0";"0";"0"
"W130020";"RZ01W";"TESI ROSSE WINTER";"2016-04-03";"IM 4/B6";"1041.0";"ILCA ";"Sì";"Sì";"Sfaldatura";"2016-06-10 00:00:00";"35068";"2020-03-04 00:00:00";"0.0";"0";"0";"0";"0";"BL ";"VENETO";"0";"210.0";"0.0";"0";"0";"0";"Nord";"479";"0.0";"0.0";"46.0165, 11.9067";"Via Foen 87 Feltre sig. Peltro Mauro";"Lampo costruzioni di De Gol Stefanno Via Col de Braghe 14 32030 Cesiomaggiore (BL)";"0";"0";"Materiale contestato fermaneve: sfogliatura di tutti i fermaneve della falda Nord (28pz) + ""pericolose ed inquietanti scagliette"" su tegole TeSi. Falda Sud perfetta"
"W135020";"DM01G";"TEG. MA.XI.MA. D.S.A. ROSSA";"2012-06-29";"N 35";"";"ILCA";"Sì";"Sì";"Sfaldatura";"2012-06-30 00:00:00";"0";"2020-10-12 00:00:00";"0.0";"0";"0";"0";"0";"BL ";"VENETO";"0";"0.0";"0.0";"0";"0";"0";"0";"690";"0.0";"0.0";"46.0981, 12.3843";"Farra d'Alpago San Vigilio Alpago ";"Edile Pedemontana";"0";"0";"Sfogliature sull'estradosso"
"W140020";"PU01GW";"UNICOPPO EXTRA WINTER ANT. POSSAGNO";"2018-04-28";"IM 4/B6";"";"ILCA ";"Sì";"Sì";"Sfaldatura";"2018-07-31 00:00:00";"0";"2020-06-29 00:00:00";"15041.0";"R 280418";"0";"0";"0";"BO";"EMILIA ROMAGNA";"Legno";"230.0";"100.0";"230";"0";"Murato";"Ovest";"130";"0.0";"0.0";"44.3155, 11.3034";"Marzabotto";"Eternedile spa";"0";"0";"Il prodotto ha sfogliato durante il primo inverno. Bassa pendenza, zona chiusa e umida"
"W144020";"BT01";"TEGOLA OPERA ARDESIA";"2015-12-17";"Q 21";"";"ILCA";"Sì";"Sì";"Sfaldatura";"2016-03-19 00:00:00";"VI 33523";"2020-03-16 00:00:00";"3449.0";"0";"0";"0";"0";"TV";"VENETO";"0";"150.0";"66.6";"0";"Aperta ";"0";"Nord ";"42";"0.0";"0.0";"45.6796, 11.9111";"Sig. Alessandro Pillar 335 7601616 via San Pietro 53 ";"Game Bonato f.lli srl Via dei faggi Castelfranco Veneto (TV)";"0";"0";"Scoppiature/sfogliature in poche tegole a Nord, numerosi incastri laterali si stanno staccando"
"W145020";"IU01GW";"UNICOPPO EXTRA WINTER ARDESIA";"2017-10-20";"IM 4/B6";"";"ILCA ";"Sì";"Sì";"Sfaldatura";"0";"0";"2020-06-11 00:00:00";"157.0";"0";"0";"0";"0";"0";"0";"Guaina ";"300.0";"20.0";"60";"0";"Murato";"Nord ";"2";"0.0";"0.0";"45.5051, 12.2885";"Favaro Veneto impresa Perrazzo Marco ";"D.M.P. Dalla Mora Prefabbricati srl via Bosco 47 Musile di Piave ";"0";"0";"Unicoppo falda Nord con posa non corretta cominciano a sfaldarsi posa non correttta e colmo chiuso"
"X001021";"EU01GW";"UNICOPPO EXTRA WINTER SERENISSIMA  ";"2016-09-14";"IM 4/B6";"";"ILCA";"Sì";"Sì";"Sfaldatura";"0";"0";"2021-01-08 00:00:00";"0.0";"0";"0";"0";"0";"VI";"VENETO";"0";"192.0";"0.0";"0";"Aperta ";"Aperto";"Nord";"44";"0.0";"0.0";"45.4586, 11.4703";"Bolzano vicentino ";"Dexive filiale di grantorto";"0";"0";"Scheggiamenti e deterioramento superficiale NB contiene doc prove traspirabilità ingobbi 2021"
"X022021";"SM01W";"TEG. MA.XI.MA. SERENISS.WINTER 168";"2010-01-01";"0";"";"ILCA";"Sì";"Sì";"Sfaldatura";"2010-07-31 00:00:00";"VI 5532";"2021-03-17 00:00:00";"4484.0";"0";"0";"0";"0";"GE";"LIGURIA ";"0";"397.0";"0.0";"0";"Aperta ";"Aperto";"Nord + Sud ";"20";"0.0";"0.0";"44.6082, 9.0082";"Impresa Cavo federico";"Edilest Ronco scrivia (GE)";"0";"0";"0"
"X036021";"SZ01W";"TESI SERENISSIMA WINTER";"2018-05-22";"IM 4/B6";"";"ILCA ";"Sì";"Sì";"Sfaldatura";"2019-09-20 00:00:00";"VI 49534";"2021-04-19 00:00:00";"0.0";"0";"0";"0";"0";"BL ";"VENETO";"Guaina ";"141.0";"100.0";"141";"Aperta ";"0";"Nord";"479";"0.0";"0.0";"46.08146433494452, 12.035286839109695";"S. Giustina via D. Alighieri 4";"Lampo Costruzioni via Col de Braghe 14 32030 Cesiomaggiore (BL)";"0";"0";"tetto costruito a regola d'arte con ventilazione a cassetto e colmo poco efficace, tegole sottoposte a test di traspirabilità e gelività risultate conformi NB contiene doc prove traspirabilità ingobbi 2021 "
"X039021";"AU01GW";"UNICOPPO EXTRA WINTER VENETO ANTICO";"2010-08-14";"0";"";"ILCA";"Sì";"Sì";"Sfaldatura";"2010-08-31 00:00:00";"0";"2021-04-28 00:00:00";"11575.0";"140810";"0";"0";"0";"BL";"VENETO";"Guaina ";"270.0";"15.0";"40.5";"Aperta";"0";"Nord";"325";"0.0";"0.0";"46.0152, 11.8917";"Sig. Marchettu Andrea a Feltre Via Trafego 42 ";"Deon edilizia snc Via Molinello 175 32026 Lentiai (BL) passato a edile Pedemontana ";"0";"0";"Tegole si spellano in falda Nord (135mq ca), posa fatta secondo norma UNI 9460/2008 = doppio listello incrociato + fermapasseri + colmo ventilato) ventilazione a cassetto problematica "
"X053021";"PW01";"TEGOLE TE.MA.X ANTICA POSSAGNO";"2015-11-20";"IM 4/B6";"";"ILCA ";"NO";"Sì";"Sfaldatura";"0";"0";"2021-05-20 00:00:00";"5020.0";"0";"0";"0";"0";"BG";"LOMBARDIA";"0";"0.0";"0.0";"0";"Aperta";"0";"Nord";"342";"0.0";"0.0";"45.7581, 9.8155";"f.lli Azzola via Mazzini 48 Albino (BG)";"Capitanio ";"0";"0";"0"
"X054021";"RM01W";"TEG. MA.XI.MA. ROSSA WINTER 168";"2015-12-30";"IM 4/B6";"1041.0";"ILCA";"Sì";"Sì";"Sfaldatura";"29/01/1015";"VI 32648";"2021-05-25 00:00:00";"14574.0";"D201215 ";"0";"0";"0";"BI";"PIEMONTE";"Legno";"589.0";"16.0";"95, 4";"Aperta";"Aperto";"Nord ";"420";"0.0";"0.0";"0";"Biella (BI)";"0";"0";"0";"0"
"X061021";"IU01G";"UNICOPPO EXTRA ARDESIA";"2013-06-01";"N 35";"";"ILCA";"NO";"Sì";"Sfaldatura";"2013-09-30 00:00:00";"0";"2021-03-13 00:00:00";"9074.0";"0";"0";"0";"0";"TP";"PIEMONTE";"0";"0.0";"0.0";"0";"0";"Aperto";"0";"197";"0.0";"0.0";"45.21574962970542, 7.971806961965173";"Cantiere Torrazza (TO)";"Edilizia Livornese ";"0";"0";"Rotture meccaniche e sfaldatura in parti centrali"
"X068021";"FU01GW";"UNICOPPO EXTRA WINTER FRANCIA      ";"2016-11-03";"IM 4/B6";"";"ILCA";"Sì";"Sì";"Sfaldatura";"0";"0";"2021-02-04 00:00:00";"12283.0";"D031116";"0";"0";"0";"RO";"VENETO";"Guaina ";"300.0";"100.0";"300";"Aperta";"Murato";"0";"2";"0.0";"0.0";"45.0657, 11.8744";"Via Romea 325 Ariano Polesine Imp. Fratelli Carraro ";"0";"0";"0";"Sfaldature soprattutto a Nord "
"X069021";"BT01";"TEGOLA OPERA ARDESIA";"2016-01-01";"0";"";"ILCA";"NO";"Sì";"Sfaldatura";"2016-03-19 00:00:00";"33523";"2021-05-24 00:00:00";"3449.0";"0";"0";"0";"0";"TV";"VENETO";"0";"180.0";"0.0";"0";"0";"0";"0";"51";"0.0";"0.0";"45.7254, 11.9202";"Imp. Edile Luison Tarcisio abitazione sig. Pilla Castel di Godego Via San Pietro";"0";"0";"0";"0"
"X079021";"SZ01W";"TESI SERENISSIMA WINTER";"2016-10-17";"IM 4/B6";"";"ILCA";"Sì";"Sì";"Sfaldatura";"2016-12-20 00:00:00";"0";"2021-06-23 00:00:00";"0.0";"D171016";"0";"0";"0";"TV";"VENETO";"Guaina ";"270.0";"10.0";"21";"Aperta";"Aperto";"0";"110";"0.0";"0.0";"45.8388, 11.9691";"Cantiere di breganze ";"Ferronato srl Via Vollone 1 31020 San Zenone d'Ezellini";"0";"0";"0"
"X080021";"VU01GW";"UNICOPPO EXTRA WINTER VECCH.FORNACE";"2016-11-03";"IM 4/B6";"";"ILCA";"Sì";"Sì";"Sfaldatura";"2016-11-10 00:00:00";"0";"2021-06-28 00:00:00";"1482.0";"D031116";"0";"0";"0";"PD";"VENETO";"Guaina ";"400.0";"0.0";"0";"Aperta";"Aperta";"Nord ";"16";"0.0";"0.0";"45.52146395302843, 12.017402140553232";"Impresa Favaretto Angelo  Cantiere Via Stradona Zerminiana di Massanzago ";"Battagello Nello sas";"0";"0";"1 fabbricato falda a nord inizio sfaldamenti, 2 fabbricato falda a nord sfaldamenti iniziali contenuti Consegnati campioni per prove a laboratorio"
"X095021";"FM01G";"TEG. MA.XI.MA. FRANCIA";"2017-01-01";"0";"";"ILCA";"Sì";"Sì";"Sfaldatura";"0";"0";"2021-06-23 00:00:00";"18022.0";"0";"0";"0";"0";"Rajecke Teplice";"SLOVACCHIA ";"0";"0.0";"0.0";"0";"0";"0";"0";"411";"0.0";"0.0";"48.4545, 18.8907";"Slovakja ";"Lanvel Slovacchia ";"0";"0";"0"
"X104021";"SZ01W";"TESI SERENISSIMA WINTER";"2016-10-17";"IM 4/B6";"";"ILCA";"Sì";"Sì";"Sfaldatura";"2016-12-20 00:00:00";"0";"2021-06-23 00:00:00";"0.0";"R 300617";"0";"0";"0";"TV";"VENETO";"Guaina ";"270.0";"10.0";"21";"Aperta";"Aperto";"Nord";"117";"0.0";"0.0";"45.4982, 11.5481";"Cantiere Monticello Conte Otto Via Parmesana 6 ";"Ferronato srl Via Vollone 1 31020 San Zenone d'Ezellini";"0";"0";"0"
"X109021";"IU01GW";"UNICOPPO EXTRA WINTER ARDESIA";"2017-10-20";"IM 4/B6";"";"ILCA";"Sì";"Sì";"Sfaldatura";"0";"0";"2021-09-03 00:00:00";"0.0";"A201017";"0";"0";"0";"BL ";"VENETO";"Ventilazione a cassetto doppia ";"160.0";"50.0";"80";"Aperta";"Aperto";"0";"329";"0.0";"0.0";"46.0126, 11.8864";"Imp Geometra Pauletti Paolo Cantiere feltre BL Via Borgo Nuovo 5 ";"Repro srl Via A. Zucco 46 32030 Fonzaso (BL) ";"0";"0";"Sfaldamento unicoppo suggerita posa di areatori per migliorare microventilazione del teto perché realizzata a cassetto e i due flussi vanno in contrasto sia d'estate che d'inverno"
"X127021";"PU01GW";"UNICOPPO EXTRA WINTER ANT. POSSAGNO";"2014-11-29";"Q 21";"";"ILCA";"Sì";"Sì";"Sfaldatura";"2015-02-17 00:00:00";"0";"2021-09-24 00:00:00";"0.0";"0";"0";"0";"0";"VI";"VENETO";"Guaina ";"0.0";"0.0";"0";"Aperta";"Aperto";"0";"39";"0.0";"0.0";"45.7144, 11.5953";"Imp Rinaldo Devi Cartigliano";"E+ srl ";"0";"0";"Scrostamenti perimetrali e sotto"
"X139021";"SM01W";"TEG. MA.XI.MA. SERENISS.WINTER 168";"2015-10-23";"Q 21";"";"ILCA";"Sì";"Sì";"Sfaldatura";"2016-05-20 00:00:00";"34728";"2021-11-17 00:00:00";"325.0";"R231015";"0";"0";"0";"CO ";"LOMBARDIA";"Legno";"275.0";"0.0";"0";"0";"0";"Nord + Ovest";"275";"0.0";"0.0";"46.037542228770725, 9.125300333020812";"Porlezza ";"Pirovano Giovanni";"0";"0";"0"
"Y013022";"SZ01W";"TESI SERENISSIMA WINTER";"2014-06-03";"Q 21";"";"ILCA";"Sì";"Sì";"Sfaldatura";"2014-10-31 00:00:00";"VI 23068";"2022-02-22 00:00:00";"12416.0";"R 030614";"0";"0";"0";"RN";"EMILIA ROMAGNA";"0";"200.0";"0.0";"0";"Murata";"Murato";"0";"500";"0.0";"0.0";"43.96167744494762, 12.717345536233292";"Impresa Tontini srl";"Nascioli Simone ";"0";"0";"0"
"Y026022";"RM01W";"TEG. MA.XI.MA. ROSSA WINTER 168";"2018-05-05";"Q 21";"1041.0";"ILCA";"Sì";"Sì";"Sfaldatura";"0";"49771";"2022-04-06 00:00:00";"3449.0";"0";"0";"0";"0";"BL ";"VENETO";"0";"170.0";"61.0";"104";"Aperta";"Aperto";"Nord ";"378";"0.0";"0.0";"46.1579, 12.2103";"Consorzio Game ";"Edilcommercio srl di Tamburlin Via Cesare 105 32100 BL loc Vignole ";"0";"0";"Sfogliature in fase iniziale in falda Nord, parte dx dela tegola in zona contatto con tegola successiva "
"Y028022";"RZ01W";"TESI ROSSE WINTER";"2019-07-04";"IM 4/B6";"1041.0";"ILCA";"Sì";"Sì";"Sfaldatura";"2019-11-30 00:00:00";"56893";"2022-04-01 00:00:00";"13485.0";"0";"0";"0";"0";"LC";"LOMBARDIA";"Calcestruzzo";"333.0";"0.0";"0";"Aperta";"Aperto";"Nord + Sud ";"300";"0.0";"0.0";"0";"0";"Edilizia Livornese ";"0";"0";"0"
"Y056022";"SZ01W";"TESI SERENISSIMA WINTER";"2016-09-14";"IM 4/B6";"";"ILCA";"Sì";"Sì";"Sfaldatura";"2016-11-18 00:00:00";"VI 38524";"2022-07-01 00:00:00";"2891.0";"D 140916";"0";"0";"0";"VA";"LOMBARDIA";"Legno";"0.0";"0.0";"0";"0";"0";"0";"284";"0.0";"0.0";"45.8218, 8.7262";"Comabbio Via Berna imp. Mangiapane";"Cimbro di Vergiate ";"0";"0";"0"
"Y059022";"SM01G";"MA.XI.MA. SERENISSIMA";"2011-06-01";"M 2";"";"ILCA";"Sì";"Sì";"Sfaldatura";"2014-05-20 00:00:00";"VI 19259";"2022-04-01 00:00:00";"0.0";"0";"0";"0";"0";"TN";"TRENTINO ALTO ADIGE";"Legno";"0.0";"0.0";"0";"Aperta";"Aperto";"Nord";"575";"0.0";"0.0";"46.0027, 10.7973";"Tre Ville (TN) fraz Preore";"Steldo srl sig. Gildo Parolari ";"0";"0";"0"
"Y070022";"SZ01W";"TESI SERENISSIMA WINTER";"2018-12-21";"IM 4/B6";"";"ILCA";"NO";"Sì";"Sfaldatura";"2021-10-15 00:00:00";"3144";"2022-07-24 00:00:00";"0.0";"0";"0";"0";"0";"PN";"FRIULI VENEZIA GIULIA";"Legno";"130.0";"2.3";"3";"0";"Murato";"Nord";"14";"0.0";"0.0";"45.8185, 12.6405";"Imp. Artigiana Tondato canr. Via dei Mari Azzano Decimo";"Raminelli Azzano Decimo ";"0";"0";"0"
"Y074022";"RM01W";"TEG. MA.XI.MA. ROSSA WINTER 168";"2019-07-17";"Q 21";"1041.0";"ILCA";"NO";"Sì";"Sfaldatura";"2019-10-10 00:00:00";"VI 55948";"2022-09-04 00:00:00";"0.0";"0";"0";"0";"0";"BL";"VENETO";"Ventilazione a cassetto ";"300.0";"25.0";"100";"Aperta";"Aperto";"Nord + Sud ";"395";"0.0";"0.0";"46.1929, 12.4133";"Imp. Cadorin cantiere di Fara di Alpago ";"Repro srl Via A. Zucco 46 32030 Fonzaso (BL) ";"0";"0";"vari punti inizia il degrado sui bordi della tegola. Tetto posato correttamente ma ventilazione a cassetto"
"Y078022";"RM01W";"TEG. MA.XI.MA. ROSSA WINTER 168";"2018-05-05";"Q 21";"1041.0";"ILCA";"Sì";"Sì";"Sfaldatura";"2018-09-29 00:00:00";"49771";"2022-04-06 00:00:00";"0.0";"R05031";"0";"0";"0";"TV";"VENETO";"0";"0.0";"0.0";"0";"Aperta";"Aperto";"Nord";"378";"0.0";"0.0";"46.1579, 12.2103";"Consorzio Game ";"Edilcommercio srl di Tamburlin Via Cesare 105 32100 BL loc Vignole ";"0";"0";"Sfogliature fase iniziale in falda Nord, parte dx della tegola nella zona di contatto con tegola sucessiva "
"Y098022";"SZ01";"TEGOLA TE.SI SERENISSIMA";"2011-07-15";"0";"";"ILCA";"Sì";"Sì";"Sfaldatura";"2011-07-19 00:00:00";"VC 371";"2022-09-16 00:00:00";"18533.0";"R150711";"0";"0";"0";"CHYBY";"POLONIA ";"0";"0.0";"0.0";"0";"0";"0";"0";"254";"0.0";"0.0";"50.1325, 18.9139";"Szkolna 2h, 620081 Chyby ";"JR Agencja Handlowa Jerzy Rybarczyk";"0";"0";"Danni su metà delle tegole del tetto e relativa linea di colo. Sfaldatura in superficie per azione di ghiaccio e T invernali"
"Y103022";"EU01GW";"UNICOPPO EXTRA WINTER SERENISSIMA  ";"2016-06-08";"IM 4/B6";"";"ILCA";"NO";"Sì";"Sfaldatura";"00:00:00";"0";"00:00:00";"0.0";"0";"0";"0";"0";"VI";"VENETO";"Guaina";"250.0";"20.0";"50";"Aperta";"Aperto";"Nord";"84";"0.0";"0.0";"45.7313, 11.5897";"Nove (VI) Imp. De Bortoli costruzioni";"E+ srl ";"0";"0";"Falda Nord presenta sfogliature dovute al gelo"
"Y118022";"SZ01W";"TESI SERENISSIMA WINTER";"2015-04-22";"IM 4/B1";"";"ILCA";"Sì";"Sì";"Sfaldatura";"00:00:00";"0";"2022-08-30 00:00:00";"4588.0";"P220415";"0";"0";"0";"VI";"VENETO";"Guaina";"120.0";"87.0";"105";"0";"Murato";"Nord + Sud ";"55";"0.0";"0.0";"45.5115, 11.4448";"Sig. Franzan Via Europa 9 Isola Vicentina ";"Tesve srl";"0";"0";"0"
"Y139022";"EU01GW";"UNICOPPO EXTRA WINTER SERENISSIMA  ";"2017-01-01";"0";"";"ILCA";"NO";"Sì";"Sfaldatura";"2018-01-23 00:00:00";"VC 5482";"2022-06-17 00:00:00";"18022.0";"0";"0";"0";"0";"DONOVALY";"SLOVACCHIA ";"Legno";"0.0";"0.0";"0";"0";"0";"0";"972";"0.0";"0.0";"48.4545, 18.8907";"97639 Donovaly (Slovacchia)";"Lanvel sro";"0";"0";"0"
"Y144022";"SZ01W";"TESI SERENISSIMA WINTER";"2015-12-10";"IM 4/B6";"";"ILCA";"Sì";"Sì";"Sfaldatura";"00:00:00";"3962";"2022-12-13 00:00:00";"0.0";"D 101215";"0";"0";"0";"TN";"TRENTINO ALTO ADIGE";"Legno";"0.0";"0.0";"0";"0";"0";"0";"1038";"0.0";"0.0";"45.9015, 11.1554";"Carpeneda di Folgaria (TN)";"Fumanelli srl Via Roveggia 136/a VR ";"0";"0";"0"
"Y148022";"RU01GW";"UNICOPPO EXTRA WINTER ROSSO        ";"2017-07-28";"IM 4/B6";"1034.0";"ILCA";"NO";"Sì";"Sfaldatura";"2018-09-11 00:00:00";"2591";"2022-12-12 00:00:00";"0.0";"R280717";"0";"0";"0";"PN";"FRIULI VENEZIA GIULIA";"0";"540.0";"0.0";"0";"0";"0";"Nord + Sud ";"20";"0.0";"0.0";"45.8291, 12.7236";"Sartor Ennio Via Tavella 89 Fiume Veneto Imp. Morassur Ottorino";"Raminelli Azzano Decimo ";"0";"0";"Ventilazione tetto non corretta causa della tipologia di chiusura grondaie e del colmo, impediscono entrata e uscita dell'aria in microventilazione"
"Y157022";"SW01F";"TEGOLE TEMAX 10 SERENISSIMA";"2014-05-15";"Q 21";"";"ILCA";"Sì";"Sì";"Sfaldatura";"2015-09-15 00:00:00";"IL 03073";"2022-11-15 00:00:00";"9201.0";"R150514";"0";"0";"0";"BG";"LOMBARDIA";"0";"225.0";"20.0";"45";"Aperta";"Aperto";"Nord";"453";"0.0";"0.0";"45.7877, 9.9307";"Achille srl Via S. Rocco 30 Leffe ";"Colombi costruzioni snc ";"0";"0";"0"
"Y160022";"TU01GW";"UNICOPPO EXTRA WINTER D'AUTORE     ";"2017-10-09";"IM 4/B6";"";"ILCA";"NO";"Sì";"Sfaldatura";"2017-11-10 00:00:00";"VI 44692";"2022-07-26 00:00:00";"15218.0";"0";"2017-10-09 00:00:00";"0";"0";"BG";"LOMBARDIA";"0";"0.0";"0.0";"0";"0";"0";"Nord ";"349";"0.0";"0.0";"45.7397, 9.8822";"Casazza (BG) Via Papa Giovanni XXIII 4 geom. Campese";"Centro edile Luzzana";"0";"0";"0"
"Y163022";"AU01GW";"UNICOPPO EXTRA WINTER VENETO ANTICO";"2018-01-01";"0";"";"ILCA";"NO";"Sì";"Sfaldatura";"2019-10-10 00:00:00";"VI 55948";"2022-09-04 00:00:00";"0.0";"0";"2018-07-12 00:00:00";"0";"0";"BL";"VENETO";"Ventilazione a cassetto ";"0.0";"0.0";"0";"Aperta";"Murato";"0";"325";"0.0";"0.0";"46.0129, 11.8862";"Imp. Sida cantiere Feltre BL";"Repro srl Via A. Zucco 46 32030 Fonzaso (BL) ";"0";"0";""
"Y164022";"PU01GW";"UNICOPPO EXTRA WINTER ANT. POSSAGNO";"2016-10-03";"IM 4/B6";"";"ILCA";"NO";"Sì";"Sfaldatura";"2016-12-31 00:00:00";"VI 39278";"2022-06-21 00:00:00";"0.0";"0";"2016-10-03 00:00:00";"0";"0";"BL";"VENETO";"0";"220.0";"15.0";"33";"Aperta";"Aperto";"Nord + Sud ";"325";"0.0";"0.0";"46.0019, 11.8903";"Cantiere Via Canture 38 Mugnai di Feltre Ferro Costruzione sig. Gianluca";"Repro srl 0 Via A. Zucco 46 32030 Fonzaso (BL) ";"0";"0";"0"
"Z024023";"SL01GW";"UNICOPPO EXTRA WINTER SELEZIONE    ";"2018-05-08";"IM 4/B6";"";"ILCA";"Sì";"Sì";"Sfaldatura";"2018-08-29 00:00:00";"VC 5893";"2023-02-06 00:00:00";"18022.0";"R 08051";"0";"0";"0";"CIERNY BALOG ";"SLOVACCHIA";"0";"0.0";"0.0";"0";"0";"0";"0";"550";"0.0";"0.0";"48.4545, 18.8907";"0";"Lanvel sro";"0";"0";"Specialmente nelle falde adiacenti alla linea di gronda numerose tegole sfogliate. Tetto realizzato nel 2018"
"Z029023";"SZ01W";"TESI SERENISSIMA WINTER";"2016-10-16";"IM 4/B6";"";"ILCA";"NO";"Sì";"Sfaldatura";"11/11/1016";"DDT 3749";"2023-02-20 00:00:00";"0.0";"0";"2016-10-16 00:00:00";"0";"0";"PN";"FRIULI VENEZIA GIULIA";"Legno";"600.0";"50.0";"300";"Aperta ";"Aperto";"Nord";"24";"0.0";"0.0";"45.9661, 12.4982";"Sacile Via Bandida impresa Breda";"Zanette Sacile";"0";"0";"Sulla falda a nord cominciano a staccarsi deiversi pezzi di argilla dalla parte x dove l'onda della tegola sormonta ed è a contatto con la parte piana della tegola successiva "
"Z031023";"SZ01W";"TESI SERENISSIMA WINTER";"2017-07-12";"0";"";"ILCA";"NO";"NO";"Sfaldatura";"0";"0";"00:00:00";"0.0";"0";"0";"0";"0";"PN";"FRIULI VENEZIA GIULIA";"0";"0.0";"0.0";"0";"0";"0";"0";"24";"0.0";"0.0";"0";"0";"0";"0";"0";"0"
"Z046023";"AM01W";"TEG. MA.XI.MA ARDESIA WINTER";"2015-01-01";"0";"";"ILCA";"NO";"Sì";"Sfaldatura";"0";"0";"2023-02-01 00:00:00";"0.0";"R 05915";"0";"0";"0";"TO";"PIEMONTE";"0";"0.0";"0.0";"32.7";"Aperta";"Aperto";"Nord";"220";"0.0";"0.0";"44.9746, 7.6722";"0";"Novarino/Negri ViaValetti 66 Vinovo (TO)";"0";"0";"0"
"Z060023";"RU01GW";"UNICOPPO EXTRA WINTER ROSSO        ";"2016-10-03";"IM 4/B6";"1034.0";"ILCA";"NO";"Sì";"Sfaldatura";"2016-12-13 00:00:00";"DDT 4149";"2023-04-27 00:00:00";"0.0";"0";"2016-10-03 00:00:00";"0";"0";"PN";"FRIULI VENEZIA GIULIA";"Legno";"250.0";"0.0";"0";"Aperta";"Aperto";"0";"25";"0.0";"0.0";"45.9565, 12.4969";"Imp. Feltrin Francesco cant. Caneva Via Oberdan 9 comm.te Franco Luca";"Zanette Sacile";"0";"0";"Si stanno staccando delle stricie di cotto sotto il sormonto tra una tegola e l'altra"
"Z066023";"AM01W";"TEG. MA.XI.MA ARDESIA WINTER";"2014-01-01";"0";"";"ILCA";"Sì";"Sì";"Sfaldatura";"2014-12-19 00:00:00";"VI 24380";"2023-05-25 00:00:00";"14507.0";"0";"0";"0";"0";"NO";"PIEMONTE";"Legno";"152.7";"38.6";"59";"0";"0";"0";"156";"0.0";"0.0";"0";"Imm.re Turcatti";"Arlunno Suno (NO)";"0";"0";"Fessurazioni/si stacca colore sul bordo della tegola/sfogliature come da foto"
"Z079023";"PU01GW";"UNICOPPO EXTRA WINTER ANT. POSSAGNO";"2018-10-16";"IM 4/B6";"";"ILCA";"NO";"Sì";"Sfaldatura";"2019-03-22 00:00:00";"VC 6256";"00:00:00";"18022.0";"PU01GW";"2018-10-19 00:00:00";"0";"0";"BANSKA STIAVNICA ";"SLOVACCHIA ";"0";"0.0";"0.0";"2.4";"0";"0";"0";"621";"0.0";"0.0";"48.4545, 18.8907";"Belianska 17A, Banska Stiavnica ";"Lanvel sro";"0";"0";"tegole sfaldate"
"Z107023";"RM01W";"TEG. MA.XI.MA. ROSSA WINTER 168";"2019-07-16";"IM 4/B6";"1041.0";"ILCA";"Sì";"Sì";"Sfaldatura";"2012-07-12 00:00:00";"DDT 2537";"2023-09-06 00:00:00";"0.0";"0";"2019-07-16 00:00:00";"0";"0";"BL";"VENETO";"0";"0.0";"0.0";"0";"0";"0";"Nord";"395";"0.0";"0.0";"46.1929, 12.4133";"Cadorin Italo Farra D'Alpago ";"Edile Pedemontana Spa ";"0";"0";"0"
"Z113023";"RZ01W";"TESI ROSSE WINTER";"2016-01-01";"0";"1041.0";"ILCA";"NO";"Sì";"Sfaldatura";"0";"0";"2023-09-10 00:00:00";"0.0";"0";"0";"0";"0";"PN";"FRIULI VENEZIA GIULIA";"0";"0.0";"0.0";"0";"0";"0";"0";"24";"0.0";"0.0";"0";"Andreis, imp. Donolo Alfredo";"Paltrav";"0";"0";"0"
"Z125023";"SZ01W";"TESI SERENISSIMA WINTER";"2015-04-24";"Q 21";"";"ILCA";"Sì";"Sì";"Sfaldatura";"2015-02-20 00:00:00";"DDT 477";"2023-11-17 00:00:00";"0.0";"R 240415";"0";"0";"0";"PN";"FRIULI VENEZIA GIULIA";"Calcestruzzo + Guaina";"200.0";"60.0";"120";"Aperta";"Aperto";"Nord + Sud ";"24";"0.0";"0.0";"45.9519, 12.6518";"Pordenone Via Stradelle 21 imp. Moschetta sig. Fabrizio";"Raminelli Azzano";"0";"0";"Alcune tegole sfaldate 0 tetto non corettamente posato secondo norma UNI 9460, alcuni bordi tegole si staccano. Linea di gronda copre ingresso dell'aria di ventilazione , colmo e displuvi sono in malta e impediscono micro ventilazione"
"Z144023";"SM01W";"TEG. MA.XI.MA. SERENISS.WINTER 168";"2013-01-01";"0";"";"ILCA";"Sì";"Sì";"Sfaldatura";"2013-10-10 00:00:00";"DDT 3820";"2023-11-07 00:00:00";"16034.0";"0";"0";"0";"0";"BG";"LOMBARDIA";"0";"305.0";"0.0";"0";"Aperta";"Aperto";"Nord + Sud ";"365";"0.0";"0.0";"45.7615, 9.9825";"Monasterolo (BG)";"Guizzetti";"0";"0";"0"
"Z157023";"SZ01W";"TESI SERENISSIMA WINTER";"2014-11-26";"Q 21";"";"ILCA";"NO";"Sì";"Sfaldatura";"2015-06-05 00:00:00";"3077";"2023-08-25 00:00:00";"15810.0";"0";"2014-11-26 00:00:00";"0";"0";"KRUSZEWENIA ";"POLONIA ";"0";"0.0";"0.0";"0";"0";"0";"0";"0";"0.0";"0.0";"0";"Dariusz Waligora, UL. Slowianska 15, 620020 Kruszewenia ";"Dach Klinkier ";"0";"0";"Pezzi speciali danneggiati (probabilent gelo), tegole danneggiate sopra e sotto. Tegole datate Novembre 2014 + colmi Maggio 2015"
"R2";"AU01G";"UNICOPPO EXTRA VENETO ANTICO";"2011-06-27";"M2";"";"ILCA";"Sì";"Sì";"Sfaldatura";"";"";"2024-04-22 00:00:00";"";"R230611";"";"";"";"BL ";"VENETO";"Doppio listello incrociato";"400.0";"";"";"Aperta";"Aperto";"Nord";"350";"";"";"46.35292, 12.52328";"Mel (BL), Via Farra 175";"Viel Fabio";"Mario";"";"Posa non corretta causa posizione grondaia, impedisce alla lama d'aria di entrare dalla linea di gronda. Su falda nord si nota mancanza di venilazione, anche in linea di congiunzione della falda con muro oltre al ristagno di umidità, alcune tegole Unicoppo si sgretolano. Garanzia scaduta. Posa in opera non perfetta in particolare la falda a nord contromuro. Posa su listelli ma grondaia crea barriera all'entrara dell'aria lungo la linea di gronda e  nella falda nord del tetto contromuro non ci sono gli spazi per poter permettere alla lama d'aria di uscire. "
"R1";"SZ01W";"TEGOLE TESI WINTER SERENISSIMA";"2016-10-15";"IM 4/B6";"";"ILCA";"Sì";"Sì";"Sfaldatura";"";"";"2024-04-22 00:00:00";"";"D151016";"";"";"";"BL ";"VENETO";"";"";"";"";"";"";"";"380";"";"";"45.3442, 12.1605";"Consorzio Game - Impresa Fontana srl (0437/999844),";"Via Centrale 84,  Zerman";"";"";""
"R3";"PRD2CAM";"COPPO ANTICA POSSAGNO DiPiù CAM";"2020-07-24";"V34/CAM";"1045.0";"MONFENERA";"S'";"Sì";"Sfaldatura";"2021-10-20 00:00:00";"69281";"2024-04-09 00:00:00";"";"2020-07-24 00:00:00";"";"";"";"BL";"VENETO";"";"170.0";"47.0";"80";"Aperta";"Aperto";"";"444";"";"";"46.122799406980675, 12.235009354126438";"Via Lavazze 1";"Aldo Bianchet";"";"Bastianon Gianluca";"Sfogliature nella falda Nord (vedi foto) concentrate (attualmente) nella parte DX. Visita 8 luglio 2024 Mario Cunial posa non corretta in linea di gronda la gronda chiude l'entrata dell'aria, colmo in stoffa. Consigliati areatori in tutte le falde, vedi"
"R4_1";"PRD2";"COPPO ANTICA POSSAGNO";"2019-04-01";"V16";"";"COE-MONFENERA";"Sì";"Sì";"Sfaldatura";"2006-06-09 00:00:00";"605192";"2024-08-01 00:00:00";"";"";"";"";"";"BL";"VENETO";"Legno";"200.0";"50.0";"100";"Aperta";"Aperto";"Nord";"356";"";"";"46.04075657676008, 11.889798539271064";"Via Monsignor Giulio Gaio 8 o 15 - Pedavena ";"Cesare Lira ";"Mario + Francesca ";"";"R4_1 prima fornitura del 2006. Posa nel 2006 e reclamata nel 2012 (primo intervento). Nel 2019 ampliamento (seconda fornitura) del tetto nord - reclamato nel 2024 (secondo intervento e sopralluogo prima di Mario e poi Mario + me). Entrambi dobrebber essere coppo antica possagno + fermaneve "
"R4_2";"PRD2";"COPPO ANTICA POSSAGNO";"";"";"";"";"";"";"";"";"";"";"";"";"";"";"";"BL";"VENETO";"";"";"";"";"";"";"Nord ";"356";"";"";"46.04075657676008, 11.889798539271064";"Via Monsignor Giulio Gaio 8 o 15 - Pedavena ";"Cesare Lira ";"Mario + Francesca ";"";"R4_2 fornitura ampliamento tetto 2019. Posa nel 2006 e reclamata nel 2012 (primo intervento). Nel 2019 ampliamento (seconda fornitura) del tetto nord - reclamato nel 2024 (secondo intervento e sopralluogo prima di Mario e poi Mario + me). Entrambi dobrebber essere coppo antica possagno + fermaneve "
"E3";"SZ01W";"te.Si SERENISSIMA ";"2018-10-26";"IM 4/B6";"";"ILCA";"";"";"Sfaldatura";"";"";"";"";"";"";"";"";"PN";"FRIULI VENEZIA GIULIA";"";"";"";"";"";"";"";"24";"";"";"45.53, 12.43";"";"Zanette - Cantiere Azzano X";"";"";""
